candidate_id,leg_id,vessel_class,origin_port,dest_port,distance_nm,speed_knots,fuel_type,cargo_tons,telemetry_row_id,predicted_fuel_rate,voyage_hours,voyage_fuel,cost_usd,ghg_kgco2,feasible
C0000,Yohohama->Nagoya,Bulk Carrier,Yohohama,Nagoya,137.46,10.01,DM,675.3965080634413,0,0.6195122003555298,13.732267732267733,8.507307398688424,7231.21128888516,27274.427520195088,True
C0001,Yohohama->Nagoya,Bulk Carrier,Yohohama,Nagoya,137.46,10.01,DM,1215.7137145141944,1,0.6447768211364746,13.732267732267733,8.854247935406574,7526.110745095588,28386.71888091348,True
C0002,Yohohama->Nagoya,Bulk Carrier,Yohohama,Nagoya,137.46,10.01,RM380,675.3965080634413,2,0.6267516613006592,13.732267732267733,8.606721614624238,4733.696888043331,26801.331107939877,True
C0003,Yohohama->Nagoya,Bulk Carrier,Yohohama,Nagoya,137.46,10.01,RM380,1215.7137145141944,3,1.2291922569274902,13.732267732267733,16.879597166558725,9283.7784416073,52563.06557666387,True
C0004,Yohohama->Nagoya,Bulk Carrier,Yohohama,Nagoya,137.46,17.72,DM,675.3965080634413,4,1.2491638660430908,7.757336343115125,9.690184256562262,8236.656618077923,31066.73072653861,True
C0005,Yohohama->Nagoya,Bulk Carrier,Yohohama,Nagoya,137.46,17.72,DM,1215.7137145141944,5,1.2532994747161865,7.757336343115125,9.722265564022969,8263.925729419523,31169.583398257637,True
C0006,Yohohama->Nagoya,Bulk Carrier,Yohohama,Nagoya,137.46,17.72,RM380,675.3965080634413,6,0.7168124914169312,7.757336343115125,5.560555590867459,3058.3055749771024,17315.570109961267,True
C0007,Yohohama->Nagoya,Bulk Carrier,Yohohama,Nagoya,137.46,17.72,RM380,1215.7137145141944,7,1.6243466138839722,7.757336343115125,12.600603021698129,6930.331661933971,39238.277809567975,True
C0008,Yohohama->Nagoya,Bulk Carrier,Yohohama,Nagoya,137.46,24.99,DM,675.3965080634413,8,1.201913595199585,5.500600240096039,6.611246210329531,5619.5592787801015,21195.655350316476,True
C0009,Yohohama->Nagoya,Bulk Carrier,Yohohama,Nagoya,137.46,24.99,DM,1215.7137145141944,9,0.704017698764801,5.500600240096039,3.8725199228575256,3291.6419344288965,12415.298872681227,True
C0010,Yohohama->Nagoya,Bulk Carrier,Yohohama,Nagoya,137.46,24.99,RM380,675.3965080634413,10,0.8467007875442505,5.500600240096039,4.65736255525541,2561.5494053904754,14503.026997065346,True
C0011,Yohohama->Nagoya,Bulk Carrier,Yohohama,Nagoya,137.46,24.99,RM380,1215.7137145141944,11,0.7323542833328247,5.500600240096039,4.028388146735899,2215.6134807047442,12544.400688935588,True
C0012,Yohohama->Nagoya,Container Ship,Yohohama,Nagoya,137.46,10.06,DM,686.6403003083523,12,0.585701584815979,13.664015904572565,8.003035770258894,6802.58040472006,25657.73267945001,True
C0013,Yohohama->Nagoya,Container Ship,Yohohama,Nagoya,137.46,10.06,DM,1235.9525405550341,13,0.6996374726295471,13.664015904572565,9.559857553445084,8125.878920428322,30648.903316344942,True
C0014,Yohohama->Nagoya,Container Ship,Yohohama,Nagoya,137.46,10.06,RM380,686.6403003083523,14,0.830058217048645,13.664015904572565,11.341928679473831,6238.0607737106075,35318.76590788151,True
C0015,Yohohama->Nagoya,Container Ship,Yohohama,Nagoya,137.46,10.06,RM380,1235.9525405550341,15,0.5996720790863037,13.664015904572565,8.19392882616335,4506.660854389843,25515.894364672673,True
C0016,Yohohama->Nagoya,Container Ship,Yohohama,Nagoya,137.46,17.54,DM,686.6403003083523,16,1.048197865486145,7.8369441277080965,8.214668106597806,6982.467890608135,26336.225949752567,True
C0017,Yohohama->Nagoya,Container Ship,Yohohama,Nagoya,137.46,17.54,DM,1235.9525405550341,17,1.7310256958007812,7.8369441277080965,13.565951661617754,11531.05891237509,43492.441027146524,True
C0018,Yohohama->Nagoya,Container Ship,Yohohama,Nagoya,137.46,17.54,RM380,686.6403003083523,18,1.0267713069915771,7.8369441277080965,8.046749364826807,4425.712150654744,25057.57752207068,True
C0019,Yohohama->Nagoya,Container Ship,Yohohama,Nagoya,137.46,17.54,RM380,1235.9525405550341,19,0.808555543422699,7.8369441277080965,6.336604617952349,3485.132539873792,19732.186780303615,True
C0020,Yohohama->Nagoya,Container Ship,Yohohama,Nagoya,137.46,24.92,DM,686.6403003083523,20,0.8701208829879761,5.516051364365971,4.799631483769149,4079.6867612037768,15387.618536963892,False
C0021,Yohohama->Nagoya,Container Ship,Yohohama,Nagoya,137.46,24.92,DM,1235.9525405550341,21,0.7375824451446533,5.516051364365971,4.068542652872554,3458.261254941671,13043.74774510941,False
C0022,Yohohama->Nagoya,Container Ship,Yohohama,Nagoya,137.46,24.92,RM380,686.6403003083523,22,0.7838479280471802,5.516051364365971,4.323745432960088,2378.059988128048,13464.143278237714,False
C0023,Yohohama->Nagoya,Container Ship,Yohohama,Nagoya,137.46,24.92,RM380,1235.9525405550341,23,1.6318186521530151,5.516051364365971,9.00119550260648,4950.657526433564,28029.72279511658,False
C0024,Yohohama->Nagoya,Fish Carrier,Yohohama,Nagoya,137.46,10.03,DM,698.01227321238,24,0.8233996033668518,13.704885343968098,11.284597156411511,9591.907582949785,36178.4184834553,True
C0025,Yohohama->Nagoya,Fish Carrier,Yohohama,Nagoya,137.46,10.03,DM,1256.422091782284,25,0.7159818410873413,13.704885343968098,9.8124490404652,8340.58168439542,31458.711623731433,True
C0026,Yohohama->Nagoya,Fish Carrier,Yohohama,Nagoya,137.46,17.41,DM,698.01227321238,26,1.266366720199585,7.895462377943711,9.998550796015794,8498.768176613425,32055.353852026634,True
C0027,Yohohama->Nagoya,Fish Carrier,Yohohama,Nagoya,137.46,17.41,DM,1256.422091782284,27,0.7258260846138,7.895462377943711,5.730732543998447,4871.1226623986795,18372.72853605902,True
C0028,Yohohama->Nagoya,Fish Carrier,Yohohama,Nagoya,137.46,25.0,DM,698.01227321238,28,1.2088687419891357,5.4984,6.646843890953064,5649.817307310104,21309.781514395523,False
C0029,Yohohama->Nagoya,Fish Carrier,Yohohama,Nagoya,137.46,25.0,DM,1256.422091782284,29,0.5874593257904053,5.4984,3.2300863569259644,2745.57340338707,10355.656860304642,False
C0030,Yohohama->Nagoya,Tanker,Yohohama,Nagoya,137.46,10.09,DM,684.6767810026386,30,1.2243993282318115,13.623389494549059,16.680468945366187,14178.398603561258,53477.58343884399,False
C0031,Yohohama->Nagoya,Tanker,Yohohama,Nagoya,137.46,10.09,DM,1232.4182058047495,31,1.2042288780212402,13.623389494549059,16.405679045867164,13944.827188987088,52596.60702105013,False
C0032,Yohohama->Nagoya,Tanker,Yohohama,Nagoya,137.46,10.09,RM380,684.6767810026386,32,0.6869823932647705,13.623389494549059,9.359028719343446,5147.465795638895,29144.01543203549,False
C0033,Yohohama->Nagoya,Tanker,Yohohama,Nagoya,137.46,10.09,RM380,1232.4182058047495,33,0.6478595733642578,13.623389494549059,8.826043305713664,4854.323818142516,27484.29885399235,False
C0034,Yohohama->Nagoya,Tanker,Yohohama,Nagoya,137.46,17.83,DM,684.6767810026386,34,0.8123911619186401,7.7094784071789135,6.2631121209947445,5323.645302845533,20079.537459909152,True
C0035,Yohohama->Nagoya,Tanker,Yohohama,Nagoya,137.46,17.83,DM,1232.4182058047495,35,0.8559178709983826,7.7094784071789135,6.598680344780577,5608.878293063491,21155.36918536653,True
C0036,Yohohama->Nagoya,Tanker,Yohohama,Nagoya,137.46,17.83,RM380,684.6767810026386,36,0.80634605884552,7.7094784071789135,6.216507529383354,3419.0791411608448,19358.204446499763,True
C0037,Yohohama->Nagoya,Tanker,Yohohama,Nagoya,137.46,17.83,RM380,1232.4182058047495,37,1.2615818977355957,7.7094784071789135,9.726138399480371,5349.376119714204,30287.194975981874,True
C0038,Yohohama->Nagoya,Tanker,Yohohama,Nagoya,137.46,24.98,DM,684.6767810026386,38,1.2931790351867676,5.502802241793435,7.116108493866016,6048.692219786114,22814.243831334446,False
C0039,Yohohama->Nagoya,Tanker,Yohohama,Nagoya,137.46,24.98,DM,1232.4182058047495,39,0.6327825784683228,5.502802241793435,3.4820773913633167,2959.7657826588193,11163.540116710794,False
C0040,Yohohama->Nagoya,Tanker,Yohohama,Nagoya,137.46,24.98,RM380,684.6767810026386,40,1.2514393329620361,5.502802241793435,6.886423166891974,3787.5327417905855,21444.321741701606,False
C0041,Yohohama->Nagoya,Tanker,Yohohama,Nagoya,137.46,24.98,RM380,1232.4182058047495,41,1.2185375690460205,5.502802241793435,6.705371266655964,3687.9541966607803,20880.526124366672,False
C0042,Yohohama->Busan,Bulk Carrier,Yohohama,Busan,828.46,10.01,DM,675.3965080634413,42,0.4735199213027954,82.76323676323676,39.19004135889249,33311.53515505862,125643.27259660933,True
C0043,Yohohama->Busan,Bulk Carrier,Yohohama,Busan,828.46,10.01,DM,1215.7137145141944,43,1.1994593143463135,82.76323676323676,99.27113522111357,84380.46493794653,318263.2595188901,True
C0044,Yohohama->Busan,Bulk Carrier,Yohohama,Busan,828.46,10.01,RM380,675.3965080634413,44,1.2022312879562378,82.76323676323676,99.50055272929318,54725.304001111246,309844.72119901894,True
C0045,Yohohama->Busan,Bulk Carrier,Yohohama,Busan,828.46,10.01,RM380,1215.7137145141944,45,0.6034412980079651,82.76323676323676,49.94275501974813,27468.51526086147,155521.73913149568,True
C0046,Yohohama->Busan,Bulk Carrier,Yohohama,Busan,828.46,17.72,DM,675.3965080634413,46,1.6823631525039673,46.7528216704289,78.65522445391856,66856.94078583078,252168.64959926292,True
C0047,Yohohama->Busan,Bulk Carrier,Yohohama,Busan,828.46,17.72,DM,1215.7137145141944,47,0.8751970529556274,46.7528216704289,40.91793174331937,34780.24198182147,131182.8891690819,True
C0048,Yohohama->Busan,Bulk Carrier,Yohohama,Busan,828.46,17.72,RM380,675.3965080634413,48,0.5708746910095215,46.7528216704289,26.69000262492936,14679.501443711148,83112.66817403003,True
C0049,Yohohama->Busan,Bulk Carrier,Yohohama,Busan,828.46,17.72,RM380,1215.7137145141944,49,0.7231342792510986,46.7528216704289,33.80856800160075,18594.71240088041,105279.88075698473,True
C0050,Yohohama->Busan,Bulk Carrier,Yohohama,Busan,828.46,24.99,DM,675.3965080634413,50,0.6430146098136902,33.15166066426571,21.317002146708678,18119.451824702377,68342.30888234802,True
C0051,Yohohama->Busan,Bulk Carrier,Yohohama,Busan,828.46,24.99,DM,1215.7137145141944,51,1.267470121383667,33.15166066426571,42.018739366207,35715.92846127595,134712.07840805963,True
C0052,Yohohama->Busan,Bulk Carrier,Yohohama,Busan,828.46,24.99,RM380,675.3965080634413,52,0.6884416937828064,33.15166066426571,22.822985419419922,12552.641980680957,71070.77659607364,True
C0053,Yohohama->Busan,Bulk Carrier,Yohohama,Busan,828.46,24.99,RM380,1215.7137145141944,53,2.036905527114868,33.15166066426571,67.52680084007939,37139.740462043665,210278.45781600723,True
C0054,Yohohama->Busan,Container Ship,Yohohama,Busan,828.46,10.06,DM,686.6403003083523,54,1.1926991939544678,82.35188866799204,98.22103123494217,83487.87654970084,314896.6261392246,True
C0055,Yohohama->Busan,Container Ship,Yohohama,Busan,828.46,10.06,DM,1235.9525405550341,55,1.2034518718719482,82.35188866799204,99.10653456968531,84240.55438423251,317735.5498304111,True
C0056,Yohohama->Busan,Container Ship,Yohohama,Busan,828.46,10.06,RM380,686.6403003083523,56,0.7786437273025513,82.35188866799204,64.12278154285006,35267.52984856754,199678.3417244351,True
C0057,Yohohama->Busan,Container Ship,Yohohama,Busan,828.46,10.06,RM380,1235.9525405550341,57,0.5922076106071472,82.35188866799204,48.76941521705737,26823.178369381556,151867.95898591666,True
C0058,Yohohama->Busan,Container Ship,Yohohama,Busan,828.46,17.54,DM,686.6403003083523,58,0.6659976840019226,47.232611174458384,31.456809651552614,26738.28820381972,100850.53174287768,True
C0059,Yohohama->Busan,Container Ship,Yohohama,Busan,828.46,17.54,DM,1235.9525405550341,59,0.463797926902771,47.232611174458384,21.906387144918455,18620.429073180687,70231.87718660856,True
C0060,Yohohama->Busan,Container Ship,Yohohama,Busan,828.46,17.54,RM380,686.6403003083523,60,1.059449553489685,47.232611174458384,50.040568818931845,27522.312850412516,155826.33130215376,True
C0061,Yohohama->Busan,Container Ship,Yohohama,Busan,828.46,17.54,RM380,1235.9525405550341,61,0.703316330909729,47.232611174458384,33.21946679050593,18270.706734778265,103445.41958563548,True
C0062,Yohohama->Busan,Container Ship,Yohohama,Busan,828.46,24.92,DM,686.6403003083523,62,0.6425094604492188,33.244783306581056,21.36008778506259,18156.074617303202,68480.44143891067,False
C0063,Yohohama->Busan,Container Ship,Yohohama,Busan,828.46,24.92,DM,1235.9525405550341,63,1.0996068716049194,33.244783306581056,36.556192168933045,31072.763343593087,117199.15209359935,False
C0064,Yohohama->Busan,Container Ship,Yohohama,Busan,828.46,24.92,RM380,686.6403003083523,64,0.7169632315635681,33.244783306581056,23.83528727211692,13109.407999664305,74223.08456537209,False
C0065,Yohohama->Busan,Container Ship,Yohohama,Busan,828.46,24.92,RM380,1235.9525405550341,65,0.8868262767791748,33.244783306581056,29.48234740210574,16215.291071158157,91808.02981015728,False
C0066,Yohohama->Busan,Fish Carrier,Yohohama,Busan,828.46,10.03,DM,698.01227321238,66,0.8492717146873474,82.59820538384847,70.14831951643868,59626.071588972874,224895.5123697024,True
C0067,Yohohama->Busan,Fish Carrier,Yohohama,Busan,828.46,10.03,DM,1256.422091782284,67,1.1453408002853394,82.59820538384847,94.60309465646982,80412.63045799934,303297.5214686422,True
C0068,Yohohama->Busan,Fish Carrier,Yohohama,Busan,828.46,17.41,DM,698.01227321238,68,1.2037733793258667,47.58529580700747,57.28191233982238,48689.62548884902,183645.81096147053,True
C0069,Yohohama->Busan,Fish Carrier,Yohohama,Busan,828.46,17.41,DM,1256.422091782284,69,0.5894127488136292,47.58529580700747,28.047380004717933,23840.273004010243,89919.9002951257,True
C0070,Yohohama->Busan,Fish Carrier,Yohohama,Busan,828.46,25.0,DM,698.01227321238,70,0.7339600324630737,33.138400000000004,24.322261139774326,20673.921968808176,77977.1692141165,False
C0071,Yohohama->Busan,Fish Carrier,Yohohama,Busan,828.46,25.0,DM,1256.422091782284,71,0.7686454057693481,33.138400000000004,25.47167891454697,21650.927077364926,81662.20260003759,False
C0072,Yohohama->Busan,Tanker,Yohohama,Busan,828.46,10.09,DM,684.6767810026386,72,1.1780424118041992,82.10703666997027,96.72557150478761,82216.73577906947,310102.1822443491,False
C0073,Yohohama->Busan,Tanker,Yohohama,Busan,828.46,10.09,DM,1232.4182058047495,73,1.186708927154541,82.10703666997027,97.43715339845897,82821.58038869013,312383.51379545947,False
C0074,Yohohama->Busan,Tanker,Yohohama,Busan,828.46,10.09,RM380,684.6767810026386,74,0.8376277089118958,82.10703666997027,68.7751290114122,37826.320956276715,214165.7517415376,False
C0075,Yohohama->Busan,Tanker,Yohohama,Busan,828.46,10.09,RM380,1232.4182058047495,75,0.8374651074409485,82.10703666997027,68.76177828647455,37818.978057561006,214124.17758408174,False
C0076,Yohohama->Busan,Tanker,Yohohama,Busan,828.46,17.83,DM,684.6767810026386,76,0.7424631118774414,46.46438586651711,34.498092521928506,29323.37864363923,110600.88462530279,True
C0077,Yohohama->Busan,Tanker,Yohohama,Busan,828.46,17.83,DM,1232.4182058047495,77,1.2673715353012085,46.46438586651711,58.88764005247557,50054.49404460423,188793.77400823668,True
C0078,Yohohama->Busan,Tanker,Yohohama,Busan,828.46,17.83,RM380,684.6767810026386,78,1.5932601690292358,46.46438586651711,74.02985527952669,40716.42040373968,230528.96934044608,True
C0079,Yohohama->Busan,Tanker,Yohohama,Busan,828.46,17.83,RM380,1232.4182058047495,79,0.7209503650665283,46.46438586651711,33.49851595305755,18424.183774181653,104314.37867782121,True
C0080,Yohohama->Busan,Tanker,Yohohama,Busan,828.46,24.98,DM,684.6767810026386,80,0.7701404690742493,33.16493194555645,25.541656245366397,21710.40780856144,81886.54992264467,False
C0081,Yohohama->Busan,Tanker,Yohohama,Busan,828.46,24.98,DM,1232.4182058047495,81,0.8799976110458374,33.16493194555645,29.18506088258745,24807.301750199334,93567.30518957536,False
C0082,Yohohama->Busan,Tanker,Yohohama,Busan,828.46,24.98,RM380,684.6767810026386,82,1.2824833393096924,33.16493194555645,42.53347266951592,23393.40996823376,132449.23389287258,False
C0083,Yohohama->Busan,Tanker,Yohohama,Busan,828.46,24.98,RM380,1232.4182058047495,83,0.7273864150047302,33.16493194555645,24.123720951754155,13268.046523464785,75121.26704376243,False
C0084,Yohohama->Shanghai,Bulk Carrier,Yohohama,Shanghai,928.4,10.01,DM,675.3965080634413,84,0.8436678051948547,92.74725274725274,78.24787116312719,66510.6904886581,250862.67494898575,True
C0085,Yohohama->Shanghai,Bulk Carrier,Yohohama,Shanghai,928.4,10.01,DM,1215.7137145141944,85,0.8088027238845825,92.74725274725274,75.01423065478986,63762.096056571376,240495.6234792563,True
C0086,Yohohama->Shanghai,Bulk Carrier,Yohohama,Shanghai,928.4,10.01,RM380,675.3965080634413,86,0.6295191049575806,92.74725274725274,58.386167536725054,32112.39214519878,181814.52570936183,True
C0087,Yohohama->Shanghai,Bulk Carrier,Yohohama,Shanghai,928.4,10.01,RM380,1215.7137145141944,87,0.697589635848999,92.74725274725274,64.69952226995112,35584.73724847312,201474.31234862778,True
C0088,Yohohama->Shanghai,Bulk Carrier,Yohohama,Shanghai,928.4,17.72,DM,675.3965080634413,88,1.2947713136672974,52.39277652370203,67.83666408627082,57661.164473330195,217484.34506058422,True
C0089,Yohohama->Shanghai,Bulk Carrier,Yohohama,Shanghai,928.4,17.72,DM,1215.7137145141944,89,1.2118444442749023,52.39277652370203,63.49189515038484,53968.110877827115,203555.0158521338,True
C0090,Yohohama->Shanghai,Bulk Carrier,Yohohama,Shanghai,928.4,17.72,RM380,675.3965080634413,90,0.5781410932540894,52.39277652370203,30.29041709803028,16659.72940391665,94324.3588432663,True
C0091,Yohohama->Shanghai,Bulk Carrier,Yohohama,Shanghai,928.4,17.72,RM380,1215.7137145141944,91,0.7199972867965698,52.39277652370203,37.722656944804484,20747.461319642465,117468.35372612116,True
C0092,Yohohama->Shanghai,Bulk Carrier,Yohohama,Shanghai,928.4,24.99,DM,675.3965080634413,92,0.668673574924469,37.150860344137655,24.841798597834213,21115.52880815908,79642.8063046565,True
C0093,Yohohama->Shanghai,Bulk Carrier,Yohohama,Shanghai,928.4,24.99,DM,1215.7137145141944,93,0.7981743216514587,37.150860344137655,29.652862753950153,25204.93334085763,95067.07798916419,True
C0094,Yohohama->Shanghai,Bulk Carrier,Yohohama,Shanghai,928.4,24.99,RM380,675.3965080634413,94,1.192564845085144,37.150860344137655,44.304810011086346,24367.64550609749,137965.1783745229,True
C0095,Yohohama->Shanghai,Bulk Carrier,Yohohama,Shanghai,928.4,24.99,RM380,1215.7137145141944,95,0.5918961763381958,37.150860344137655,21.989452185369387,12094.198701953163,68475.15410524028,True
C0096,Yohohama->Shanghai,Container Ship,Yohohama,Shanghai,928.4,10.06,DM,686.6403003083523,96,0.7076379656791687,92.28628230616302,65.30527707122666,55509.485510542654,209368.71829035267,True
C0097,Yohohama->Shanghai,Container Ship,Yohohama,Shanghai,928.4,10.06,DM,1235.9525405550341,97,0.6761175990104675,92.28628230616302,62.39637961444513,53036.922672278364,200042.79304391108,True
C0098,Yohohama->Shanghai,Container Ship,Yohohama,Shanghai,928.4,10.06,RM380,686.6403003083523,98,1.164633870124817,92.28628230616302,107.47973012165805,59113.85156691193,334691.87959884317,True
C0099,Yohohama->Shanghai,Container Ship,Yohohama,Shanghai,928.4,10.06,RM380,1235.9525405550341,99,0.7081273198127747,92.28628230616302,65.35043774494831,35942.74075972157,203501.26313776904,True
C0100,Yohohama->Shanghai,Container Ship,Yohohama,Shanghai,928.4,17.54,DM,686.6403003083523,100,1.0540263652801514,52.93044469783352,55.79008423751953,47421.5716018916,178863.01006548762,True
C0101,Yohohama->Shanghai,Container Ship,Yohohama,Shanghai,928.4,17.54,DM,1235.9525405550341,101,0.653296172618866,52.93044469783352,34.57925693610919,29392.36839569281,110861.09773716606,True
C0102,Yohohama->Shanghai,Container Ship,Yohohama,Shanghai,928.4,17.54,RM380,686.6403003083523,102,0.8420183062553406,52.93044469783352,44.56840339381176,24512.621866596466,138786.0081683298,True
C0103,Yohohama->Shanghai,Container Ship,Yohohama,Shanghai,928.4,17.54,RM380,1235.9525405550341,103,0.9996851086616516,52.93044469783352,52.91377735926324,29102.577547594785,164773.50269674574,True
C0104,Yohohama->Shanghai,Container Ship,Yohohama,Shanghai,928.4,24.92,DM,686.6403003083523,104,0.7513564229011536,37.25521669341894,27.991946349174594,23793.154396798403,89742.17999545374,False
C0105,Yohohama->Shanghai,Container Ship,Yohohama,Shanghai,928.4,24.92,DM,1235.9525405550341,105,0.5272996425628662,37.25521669341894,19.64466244604193,16697.96307913564,62980.78780201043,False
C0106,Yohohama->Shanghai,Container Ship,Yohohama,Shanghai,928.4,24.92,RM380,686.6403003083523,106,0.8828383088111877,37.25521669341894,32.890332500012306,18089.68287500677,102420.49540503832,False
C0107,Yohohama->Shanghai,Container Ship,Yohohama,Shanghai,928.4,24.92,RM380,1235.9525405550341,107,0.8640979528427124,37.25521669341894,32.19215647749495,17705.686062622222,100246.37527091926,False
C0108,Yohohama->Shanghai,Fish Carrier,Yohohama,Shanghai,928.4,10.03,DM,698.01227321238,108,1.5220756530761719,92.56231306081754,140.88684310228493,119753.81663694218,451683.2189859255,True
C0109,Yohohama->Shanghai,Fish Carrier,Yohohama,Shanghai,928.4,10.03,DM,1256.422091782284,109,0.8037172555923462,92.56231306081754,74.39392822451985,63234.838990841876,238506.93388781065,True
C0110,Yohohama->Shanghai,Fish Carrier,Yohohama,Shanghai,928.4,17.41,DM,698.01227321238,110,0.8497663736343384,53.325674899483055,45.314365380937375,38517.210573796765,145277.8554112852,True
C0111,Yohohama->Shanghai,Fish Carrier,Yohohama,Shanghai,928.4,17.41,DM,1256.422091782284,111,1.2897918224334717,53.325674899483055,68.77901941109909,58462.16649943422,220505.53623198366,True
C0112,Yohohama->Shanghai,Fish Carrier,Yohohama,Shanghai,928.4,25.0,DM,698.01227321238,112,0.6847852468490601,37.135999999999996,25.43018492698669,21615.657187938687,81529.17287591934,False
C0113,Yohohama->Shanghai,Fish Carrier,Yohohama,Shanghai,928.4,25.0,DM,1256.422091782284,113,0.8206104636192322,37.135999999999996,30.474190176963802,25903.061650419233,97700.25370734595,False
C0114,Yohohama->Shanghai,Tanker,Yohohama,Shanghai,928.4,10.09,DM,684.6767810026386,114,1.1351697444915771,92.01189296333003,104.44911702536969,88781.74947156424,334863.8691833352,False
C0115,Yohohama->Shanghai,Tanker,Yohohama,Shanghai,928.4,10.09,DM,1232.4182058047495,115,0.599507749080658,92.01189296333003,55.161842839096416,46887.56641323195,176848.8681421431,False
C0116,Yohohama->Shanghai,Tanker,Yohohama,Shanghai,928.4,10.09,RM380,684.6767810026386,116,0.6103759407997131,92.01189296333003,56.16184573225507,30889.015152740285,174887.98761024227,False
C0117,Yohohama->Shanghai,Tanker,Yohohama,Shanghai,928.4,10.09,RM380,1232.4182058047495,117,0.7973809838294983,92.01189296333003,73.36853373511458,40352.69355431302,228469.6140511468,False
C0118,Yohohama->Shanghai,Tanker,Yohohama,Shanghai,928.4,17.83,DM,684.6767810026386,118,1.225855827331543,52.06954570947841,63.82975603447025,54255.292629299714,204638.1978465116,True
C0119,Yohohama->Shanghai,Tanker,Yohohama,Shanghai,928.4,17.83,DM,1232.4182058047495,119,0.7185710668563843,52.06954570947841,37.41566901118717,31803.318659509096,119954.63484986607,True
C0120,Yohohama->Shanghai,Tanker,Yohohama,Shanghai,928.4,17.83,RM380,684.6767810026386,120,0.847549319267273,52.06954570947841,44.13150802062458,24272.32941134352,137425.51597622494,True
C0121,Yohohama->Shanghai,Tanker,Yohohama,Shanghai,928.4,17.83,RM380,1232.4182058047495,121,0.7522208094596863,52.06954570947841,39.167795821781986,21542.28770198009,121968.5161890291,True
C0122,Yohohama->Shanghai,Tanker,Yohohama,Shanghai,928.4,24.98,DM,684.6767810026386,122,0.7013121843338013,37.165732586068856,26.064781102301886,22155.0639369566,83563.68821397984,False
C0123,Yohohama->Shanghai,Tanker,Yohohama,Shanghai,928.4,24.98,DM,1232.4182058047495,123,0.8595647811889648,37.165732586068856,31.946354798071855,27154.401578361078,102420.01348261836,False
C0124,Yohohama->Shanghai,Tanker,Yohohama,Shanghai,928.4,24.98,RM380,684.6767810026386,124,1.2029099464416504,37.165732586068856,44.707029394572785,24588.866167015032,139217.68953469966,False
C0125,Yohohama->Shanghai,Tanker,Yohohama,Shanghai,928.4,24.98,RM380,1232.4182058047495,125,0.6760643720626831,37.165732586068856,25.12642766305024,13819.535214677631,78243.69574273845,False
C0126,Yohohama->Hong Kong,Bulk Carrier,Yohohama,Hong Kong,1547.58,10.01,DM,675.3965080634413,126,1.1602336168289185,154.6033966033966,179.37605801519456,152469.64931291537,575079.6419967137,True
C0127,Yohohama->Hong Kong,Bulk Carrier,Yohohama,Hong Kong,1547.58,10.01,DM,1215.7137145141944,127,1.1880923509597778,154.6033966033966,183.68311293689638,156130.6459963619,588888.0600756898,True
C0128,Yohohama->Hong Kong,Bulk Carrier,Yohohama,Hong Kong,1547.58,10.01,RM380,675.3965080634413,128,0.5493481159210205,154.6033966033966,84.93108463906621,46712.096551486415,264475.3975660522,True
C0129,Yohohama->Hong Kong,Bulk Carrier,Yohohama,Hong Kong,1547.58,10.01,RM380,1215.7137145141944,129,0.8633179664611816,154.6033966033966,133.4718899636359,73409.53947999974,415631.4653467622,True
C0130,Yohohama->Hong Kong,Bulk Carrier,Yohohama,Hong Kong,1547.58,17.72,DM,675.3965080634413,130,0.5927298665046692,87.33521444695259,51.76619000029886,44001.26150025403,165962.40514095814,True
C0131,Yohohama->Hong Kong,Bulk Carrier,Yohohama,Hong Kong,1547.58,17.72,DM,1215.7137145141944,131,0.6629208326339722,87.33521444695259,57.896333079440325,49211.883117524274,185615.6438526857,True
C0132,Yohohama->Hong Kong,Bulk Carrier,Yohohama,Hong Kong,1547.58,17.72,RM380,675.3965080634413,132,1.213231086730957,87.33521444695259,105.95779713335747,58276.78842334661,329952.58027327515,True
C0133,Yohohama->Hong Kong,Bulk Carrier,Yohohama,Hong Kong,1547.58,17.72,RM380,1215.7137145141944,133,0.5231146812438965,87.33521444695259,45.686332866784944,25127.483076731718,142267.24054716833,True
C0134,Yohohama->Hong Kong,Bulk Carrier,Yohohama,Hong Kong,1547.58,24.99,DM,675.3965080634413,134,0.6857849359512329,61.92797118847539,42.46926975507839,36098.87929181664,136156.47883478133,True
C0135,Yohohama->Hong Kong,Bulk Carrier,Yohohama,Hong Kong,1547.58,24.99,DM,1215.7137145141944,135,0.8207213282585144,61.92797118847539,50.82560677016053,43201.76575463645,162946.89530513468,True
C0136,Yohohama->Hong Kong,Bulk Carrier,Yohohama,Hong Kong,1547.58,24.99,RM380,675.3965080634413,136,0.516825258731842,61.92797118847539,32.005939732221854,17603.26685272202,99666.49632613885,True
C0137,Yohohama->Hong Kong,Bulk Carrier,Yohohama,Hong Kong,1547.58,24.99,RM380,1215.7137145141944,137,0.5567644834518433,61.92797118847539,34.47929488997213,18963.612189484673,107368.52428737322,True
C0138,Yohohama->Hong Kong,Container Ship,Yohohama,Hong Kong,1547.58,10.06,DM,686.6403003083523,138,1.4913817644119263,153.83499005964214,229.42669890344024,195012.6940679242,735541.9966844294,True
C0139,Yohohama->Hong Kong,Container Ship,Yohohama,Hong Kong,1547.58,10.06,DM,1235.9525405550341,139,0.8471644520759583,153.83499005964214,130.3235350639872,110775.00480438913,417817.253415143,True
C0140,Yohohama->Hong Kong,Container Ship,Yohohama,Hong Kong,1547.58,10.06,RM380,686.6403003083523,140,1.6281352043151855,153.83499005964214,250.46416297157998,137755.289634369,779945.4034935001,True
C0141,Yohohama->Hong Kong,Container Ship,Yohohama,Hong Kong,1547.58,10.06,RM380,1235.9525405550341,141,0.5919962525367737,153.83499005964214,91.06973762433998,50088.35569338699,283591.1629621947,True
C0142,Yohohama->Hong Kong,Container Ship,Yohohama,Hong Kong,1547.58,17.54,DM,686.6403003083523,142,0.6718984842300415,88.2314709236032,59.282591574955966,50390.20283871257,190059.98858930884,True
C0143,Yohohama->Hong Kong,Container Ship,Yohohama,Hong Kong,1547.58,17.54,DM,1235.9525405550341,143,1.2579773664474487,88.2314709236032,110.993193430259,94344.21441572015,355844.1781374104,True
C0144,Yohohama->Hong Kong,Container Ship,Yohohama,Hong Kong,1547.58,17.54,RM380,686.6403003083523,144,0.84574955701828,88.2314709236032,74.62172744870865,41041.95009678976,232372.05927527876,True
C0145,Yohohama->Hong Kong,Container Ship,Yohohama,Hong Kong,1547.58,17.54,RM380,1235.9525405550341,145,0.7491562962532043,88.2314709236032,66.09916197009886,36354.53908355437,205832.79037488785,True
C0146,Yohohama->Hong Kong,Container Ship,Yohohama,Hong Kong,1547.58,24.92,DM,686.6403003083523,146,0.8236656785011292,62.10192616372391,51.151225149870676,43478.54137739007,163990.8278304854,False
C0147,Yohohama->Hong Kong,Container Ship,Yohohama,Hong Kong,1547.58,24.92,DM,1235.9525405550341,147,0.6639863848686218,62.10192616372391,41.23483344682912,35049.60842980475,132198.87603053416,False
C0148,Yohohama->Hong Kong,Container Ship,Yohohama,Hong Kong,1547.58,24.92,RM380,686.6403003083523,148,1.2306102514266968,62.10192616372391,76.42326697042245,42032.79683373235,237982.0533458955,False
C0149,Yohohama->Hong Kong,Container Ship,Yohohama,Hong Kong,1547.58,24.92,RM380,1235.9525405550341,149,0.7572115063667297,62.10192616372391,47.02429305870881,25863.361182289842,146433.64858481922,False
C0150,Yohohama->Hong Kong,Fish Carrier,Yohohama,Hong Kong,1547.58,10.03,DM,698.01227321238,150,0.5710353851318359,154.2951146560319,88.10797022156795,74891.77468833276,282474.1525303469,True
C0151,Yohohama->Hong Kong,Fish Carrier,Yohohama,Hong Kong,1547.58,10.03,DM,1256.422091782284,151,0.48522165417671204,154.2951146560319,74.86733076478524,63637.23115006745,240024.66243190147,True
C0152,Yohohama->Hong Kong,Fish Carrier,Yohohama,Hong Kong,1547.58,17.41,DM,698.01227321238,152,0.9631332159042358,88.89029293509476,85.6131936972474,72771.21464266028,274475.8989933751,True
C0153,Yohohama->Hong Kong,Fish Carrier,Yohohama,Hong Kong,1547.58,17.41,DM,1256.422091782284,153,0.781385600566864,88.89029293509476,69.4575949296535,59038.95569020547,222681.0493444691,True
C0154,Yohohama->Hong Kong,Fish Carrier,Yohohama,Hong Kong,1547.58,25.0,DM,698.01227321238,154,0.8976218104362488,61.9032,55.565662455797195,47230.81308742762,178143.5138332858,False
C0155,Yohohama->Hong Kong,Fish Carrier,Yohohama,Hong Kong,1547.58,25.0,DM,1256.422091782284,155,1.3387471437454224,61.9032,82.87273218870163,70441.82236039639,265689.97939697746,False
C0156,Yohohama->Hong Kong,Tanker,Yohohama,Hong Kong,1547.58,10.09,DM,684.6767810026386,156,0.5431103110313416,153.37760158572843,83.30095690246615,70805.81336709623,267062.8678293065,False
C0157,Yohohama->Hong Kong,Tanker,Yohohama,Hong Kong,1547.58,10.09,DM,1232.4182058047495,157,0.32600128650665283,153.37760158572843,50.001295438252306,42501.10112251446,160304.1531750369,False
C0158,Yohohama->Hong Kong,Tanker,Yohohama,Hong Kong,1547.58,10.09,RM380,684.6767810026386,158,0.829397439956665,153.37760158572843,127.21099010189648,69966.04455604307,396135.02317730564,False
C0159,Yohohama->Hong Kong,Tanker,Yohohama,Hong Kong,1547.58,10.09,RM380,1232.4182058047495,159,1.228765845298767,153.37760158572843,188.4651582623851,103655.8370443118,586880.5028290672,False
C0160,Yohohama->Hong Kong,Tanker,Yohohama,Hong Kong,1547.58,17.83,DM,684.6767810026386,160,0.6414763927459717,86.79641054402693,55.67784833908082,47326.171088218696,178503.1817750931,True
C0161,Yohohama->Hong Kong,Tanker,Yohohama,Hong Kong,1547.58,17.83,DM,1232.4182058047495,161,1.2381107807159424,86.79641054402693,107.46357162200663,91344.03587870563,344528.21062015323,True
C0162,Yohohama->Hong Kong,Tanker,Yohohama,Hong Kong,1547.58,17.83,RM380,684.6767810026386,162,0.648811936378479,86.79641054402693,56.314547195771546,30973.00095767435,175363.49996763258,True
C0163,Yohohama->Hong Kong,Tanker,Yohohama,Hong Kong,1547.58,17.83,RM380,1232.4182058047495,163,0.555303692817688,86.79641054402693,48.19836729841826,26509.102014130043,150089.71576727447,True
C0164,Yohohama->Hong Kong,Tanker,Yohohama,Hong Kong,1547.58,24.98,DM,684.6767810026386,164,1.3092312812805176,61.95276220976781,81.11049424676155,68943.92010974731,260040.24455511753,False
C0165,Yohohama->Hong Kong,Tanker,Yohohama,Hong Kong,1547.58,24.98,DM,1232.4182058047495,165,0.9243120551109314,61.95276220976781,57.263684957909334,48674.13221422293,183587.37397505733,False
C0166,Yohohama->Hong Kong,Tanker,Yohohama,Hong Kong,1547.58,24.98,RM380,684.6767810026386,166,0.6869680285453796,61.95276220976781,42.55956691818489,23407.76180500169,132530.49138322775,False
C0167,Yohohama->Hong Kong,Tanker,Yohohama,Hong Kong,1547.58,24.98,RM380,1232.4182058047495,167,1.2744886875152588,61.95276220976781,78.9580945966719,43426.952028169544,245875.5065740363,False
C0168,Yohohama->Guangzhou,Bulk Carrier,Yohohama,Guangzhou,1550.3,10.01,DM,675.3965080634413,168,0.7980479598045349,154.87512487512487,123.59777743106598,105058.11081640609,396254.47444399755,True
C0169,Yohohama->Guangzhou,Bulk Carrier,Yohohama,Guangzhou,1550.3,10.01,DM,1215.7137145141944,169,0.7996465563774109,154.87512487512487,123.8453602749151,105268.55623367782,397048.22504137777,True
C0170,Yohohama->Guangzhou,Bulk Carrier,Yohohama,Guangzhou,1550.3,10.01,RM380,675.3965080634413,170,0.7099373936653137,154.87512487512487,109.95164249743614,60473.40337358988,342389.41473701614,True
C0171,Yohohama->Guangzhou,Bulk Carrier,Yohohama,Guangzhou,1550.3,10.01,RM380,1215.7137145141944,171,1.5578975677490234,154.87512487512487,241.2795803477833,132703.76919128082,751344.6132029973,True
C0172,Yohohama->Guangzhou,Bulk Carrier,Yohohama,Guangzhou,1550.3,17.72,DM,675.3965080634413,172,0.6873220205307007,87.48871331828443,60.13291921155447,51112.981329821305,192786.13899224365,True
C0173,Yohohama->Guangzhou,Bulk Carrier,Yohohama,Guangzhou,1550.3,17.72,DM,1215.7137145141944,173,1.1936697959899902,87.48871331828443,104.43263457806331,88767.73939135381,334811.026457271,True
C0174,Yohohama->Guangzhou,Bulk Carrier,Yohohama,Guangzhou,1550.3,17.72,RM380,675.3965080634413,174,1.3042433261871338,87.48871331828443,114.10657046207187,62758.61375413953,355327.8604188918,True
C0175,Yohohama->Guangzhou,Bulk Carrier,Yohohama,Guangzhou,1550.3,17.72,RM380,1215.7137145141944,175,1.2892992496490479,87.48871331828443,112.79913243402477,62039.52283871362,351256.4983995531,True
C0176,Yohohama->Guangzhou,Bulk Carrier,Yohohama,Guangzhou,1550.3,24.99,DM,675.3965080634413,176,0.7173256874084473,62.03681472589036,44.50060076787979,37825.51065269782,142668.9260618226,True
C0177,Yohohama->Guangzhou,Bulk Carrier,Yohohama,Guangzhou,1550.3,24.99,DM,1215.7137145141944,177,0.679872989654541,62.03681472589036,42.17715469633593,35850.58149188554,135219.957956453,True
C0178,Yohohama->Guangzhou,Bulk Carrier,Yohohama,Guangzhou,1550.3,24.99,RM380,675.3965080634413,178,0.6377447247505188,62.03681472589036,39.563651331761875,21760.00823246903,123201.21024710647,True
C0179,Yohohama->Guangzhou,Bulk Carrier,Yohohama,Guangzhou,1550.3,24.99,RM380,1215.7137145141944,179,0.8807653784751892,62.03681472589036,54.63987860144401,30051.933230794206,170148.58196489664,True
C0180,Yohohama->Guangzhou,Container Ship,Yohohama,Guangzhou,1550.3,10.06,DM,686.6403003083523,180,0.7773776054382324,154.10536779324053,119.79806180028743,101828.35253024432,384072.5861317215,True
C0181,Yohohama->Guangzhou,Container Ship,Yohohama,Guangzhou,1550.3,10.06,DM,1235.9525405550341,181,0.6201900839805603,154.10536779324053,95.57462099354498,81238.42784451324,306412.2349053052,True
C0182,Yohohama->Guangzhou,Container Ship,Yohohama,Guangzhou,1550.3,10.06,RM380,686.6403003083523,182,0.7267911434173584,154.10536779324053,112.00241646520185,61601.32905586102,348775.5248726386,True
C0183,Yohohama->Guangzhou,Container Ship,Yohohama,Guangzhou,1550.3,10.06,RM380,1235.9525405550341,183,1.2255642414093018,154.10536779324053,188.86602817662427,103876.31549714335,588128.811742008,True
C0184,Yohohama->Guangzhou,Container Ship,Yohohama,Guangzhou,1550.3,17.54,DM,686.6403003083523,184,1.2328518629074097,88.38654503990878,108.9675167084012,92622.38920214103,349349.85856713424,True
C0185,Yohohama->Guangzhou,Container Ship,Yohohama,Guangzhou,1550.3,17.54,DM,1235.9525405550341,185,0.6102747321128845,88.38654503990878,53.94007509661373,45849.063832121676,172931.88075974362,True
C0186,Yohohama->Guangzhou,Container Ship,Yohohama,Guangzhou,1550.3,17.54,RM380,686.6403003083523,186,0.6748666763305664,88.38654503990878,59.64913388342515,32807.02363588383,185747.4029129859,True
C0187,Yohohama->Guangzhou,Container Ship,Yohohama,Guangzhou,1550.3,17.54,RM380,1235.9525405550341,187,1.2670807838439941,88.38654503990878,111.99289277043012,61596.09102373657,348745.86808711936,True
C0188,Yohohama->Guangzhou,Container Ship,Yohohama,Guangzhou,1550.3,24.92,DM,686.6403003083523,188,0.836653470993042,62.21107544141251,52.04911220226777,44241.74537192761,166869.45372047048,False
C0189,Yohohama->Guangzhou,Container Ship,Yohohama,Guangzhou,1550.3,24.92,DM,1235.9525405550341,189,1.312017560005188,62.21107544141251,81.62202340594071,69378.71989504961,261680.2070394459,False
C0190,Yohohama->Guangzhou,Container Ship,Yohohama,Guangzhou,1550.3,24.92,RM380,686.6403003083523,190,0.7772910594940186,62.21107544141251,48.35611274211785,26595.86200816482,150580.935078955,False
C0191,Yohohama->Guangzhou,Container Ship,Yohohama,Guangzhou,1550.3,24.92,RM380,1235.9525405550341,191,0.8566732406616211,62.21107544141251,53.29456360343944,29312.009981891693,165959.27106111043,False
C0192,Yohohama->Guangzhou,Fish Carrier,Yohohama,Guangzhou,1550.3,10.03,DM,698.01227321238,192,1.591556429862976,154.56630109670988,246.00099035060538,209100.84179801456,788679.1750640408,True
C0193,Yohohama->Guangzhou,Fish Carrier,Yohohama,Guangzhou,1550.3,10.03,DM,1256.422091782284,193,1.1680693626403809,154.56630109670988,180.54416080771512,153462.53668655784,578824.5795495347,True
C0194,Yohohama->Guangzhou,Fish Carrier,Yohohama,Guangzhou,1550.3,17.41,DM,698.01227321238,194,1.2573606967926025,89.04652498564043,111.96360070290474,95169.06059746903,358955.3038535126,True
C0195,Yohohama->Guangzhou,Fish Carrier,Yohohama,Guangzhou,1550.3,17.41,DM,1256.422091782284,195,0.8184195160865784,89.04652498564043,72.87741388793926,61945.801804748364,233644.98892473325,True
C0196,Yohohama->Guangzhou,Fish Carrier,Yohohama,Guangzhou,1550.3,25.0,DM,698.01227321238,196,0.5318052768707275,62.012,32.97830882930756,28031.562504911424,105728.45810676004,False
C0197,Yohohama->Guangzhou,Fish Carrier,Yohohama,Guangzhou,1550.3,25.0,DM,1256.422091782284,197,1.1928857564926147,62.012,73.97323153162003,62877.24680187702,237158.18029037383,False
C0198,Yohohama->Guangzhou,Tanker,Yohohama,Guangzhou,1550.3,10.09,DM,684.6767810026386,198,0.8233277201652527,153.6471754212091,126.50197864937475,107526.68185196853,405565.34354989545,False
C0199,Yohohama->Guangzhou,Tanker,Yohohama,Guangzhou,1550.3,10.09,DM,1232.4182058047495,199,1.0793105363845825,153.6471754212091,165.83301531784124,140958.06302016505,531660.6471089991,False
C0200,Yohohama->Guangzhou,Tanker,Yohohama,Guangzhou,1550.3,10.09,RM380,684.6767810026386,200,0.5727288722991943,153.6471754212091,87.99817351094559,48398.99543102008,274026.31231308455,False
C0201,Yohohama->Guangzhou,Tanker,Yohohama,Guangzhou,1550.3,10.09,RM380,1232.4182058047495,201,0.5620004534721375,153.6471754212091,86.34978226143258,47492.38024378792,268893.22196210106,False
C0202,Yohohama->Guangzhou,Tanker,Yohohama,Guangzhou,1550.3,17.83,DM,684.6767810026386,202,1.2214902639389038,86.94896242288279,106.20731105914092,90276.21440026979,340500.6392556058,True
C0203,Yohohama->Guangzhou,Tanker,Yohohama,Guangzhou,1550.3,17.83,DM,1232.4182058047495,203,1.2232885360717773,86.94896242288279,106.36366895524826,90409.11861196102,341001.9226705259,True
C0204,Yohohama->Guangzhou,Tanker,Yohohama,Guangzhou,1550.3,17.83,RM380,684.6767810026386,204,0.9593538045883179,86.94896242288279,83.41481790539929,45878.14984796961,259753.7429574134,True
C0205,Yohohama->Guangzhou,Tanker,Yohohama,Guangzhou,1550.3,17.83,RM380,1232.4182058047495,205,1.6318416595458984,86.94896242288279,141.886939135951,78037.81652477305,441835.9284693514,True
C0206,Yohohama->Guangzhou,Tanker,Yohohama,Guangzhou,1550.3,24.98,DM,684.6767810026386,206,1.2721809148788452,62.06164931945556,78.95364581011503,67110.59893859777,253125.3884672288,False
C0207,Yohohama->Guangzhou,Tanker,Yohohama,Guangzhou,1550.3,24.98,DM,1232.4182058047495,207,0.7059967517852783,62.06164931945556,43.81532282997266,37243.02440547676,140471.92499289234,False
C0208,Yohohama->Guangzhou,Tanker,Yohohama,Guangzhou,1550.3,24.98,RM380,684.6767810026386,208,0.6529580950737,62.06164931945556,40.52365631676369,22288.01097422003,126190.66577040213,False
C0209,Yohohama->Guangzhou,Tanker,Yohohama,Guangzhou,1550.3,24.98,RM380,1232.4182058047495,209,0.7373346090316772,62.06164931945556,45.76020193682182,25168.111065252004,142497.26883126315,False
C0210,Yohohama->Singapore,Bulk Carrier,Yohohama,Singapore,2863.76,10.01,DM,675.3965080634413,210,0.5352417230606079,286.0899100899101,153.12725642677788,130158.16796276119,490925.98410424986,True
C0211,Yohohama->Singapore,Bulk Carrier,Yohohama,Singapore,2863.76,10.01,DM,1215.7137145141944,211,1.1874727010726929,286.0899100899101,339.7239582841094,288765.364541493,1089155.0102588548,True
C0212,Yohohama->Singapore,Bulk Carrier,Yohohama,Singapore,2863.76,10.01,RM380,675.3965080634413,212,1.1607170104980469,286.0899100899101,332.0694251732155,182638.18384526853,1034064.1899893931,True
C0213,Yohohama->Singapore,Bulk Carrier,Yohohama,Singapore,2863.76,10.01,RM380,1215.7137145141944,213,1.4845515489578247,286.0899100899101,424.7152191651809,233593.3705408495,1322563.1924803732,True
C0214,Yohohama->Singapore,Bulk Carrier,Yohohama,Singapore,2863.76,17.72,DM,675.3965080634413,214,0.6885166168212891,161.61173814898422,111.27236718894667,94581.51211060467,356739.209207763,True
C0215,Yohohama->Singapore,Bulk Carrier,Yohohama,Singapore,2863.76,17.72,DM,1215.7137145141944,215,1.2803928852081299,161.61173814898422,206.9265196920787,175887.54173826688,663406.4221328043,True
C0216,Yohohama->Singapore,Bulk Carrier,Yohohama,Singapore,2863.76,17.72,RM380,675.3965080634413,216,1.2605154514312744,161.61173814898422,203.71409306945975,112042.75118820286,634365.6858182977,True
C0217,Yohohama->Singapore,Bulk Carrier,Yohohama,Singapore,2863.76,17.72,RM380,1215.7137145141944,217,1.28705632686615,161.61173814898422,208.00341008048565,114401.87554426711,647722.6189906324,True
C0218,Yohohama->Singapore,Bulk Carrier,Yohohama,Singapore,2863.76,24.99,DM,675.3965080634413,218,1.2173281908035278,114.59623849539817,139.50123168049265,118576.04692841876,447240.9487676594,True
C0219,Yohohama->Singapore,Bulk Carrier,Yohohama,Singapore,2863.76,24.99,DM,1215.7137145141944,219,1.257365345954895,114.59623849539817,144.08933906089598,122475.93820176159,461950.4210292325,True
C0220,Yohohama->Singapore,Bulk Carrier,Yohohama,Singapore,2863.76,24.99,RM380,675.3965080634413,220,0.614666223526001,114.59623849539817,70.43843714625133,38741.14043043823,219345.29327342665,True
C0221,Yohohama->Singapore,Bulk Carrier,Yohohama,Singapore,2863.76,24.99,RM380,1215.7137145141944,221,1.2687287330627441,114.59623849539817,145.3915404800226,79965.34726401242,452749.2570547904,True
C0222,Yohohama->Singapore,Container Ship,Yohohama,Singapore,2863.76,10.06,DM,686.6403003083523,222,0.6609470248222351,284.6679920477137,188.15046240605605,159927.89304514765,603210.3824738157,True
C0223,Yohohama->Singapore,Container Ship,Yohohama,Singapore,2863.76,10.06,DM,1235.9525405550341,223,0.6107176542282104,284.6679920477137,173.85176833723457,147774.00308664938,557368.769289174,True
C0224,Yohohama->Singapore,Container Ship,Yohohama,Singapore,2863.76,10.06,RM380,686.6403003083523,224,0.8077320456504822,284.6679920477137,229.935459547915,126464.50275135326,716019.0210322073,True
C0225,Yohohama->Singapore,Container Ship,Yohohama,Singapore,2863.76,10.06,RM380,1235.9525405550341,225,1.5164519548416138,284.6679920477137,431.68533302159244,237426.93316187584,1344268.127029239,True
C0226,Yohohama->Singapore,Container Ship,Yohohama,Singapore,2863.76,17.54,DM,686.6403003083523,226,0.3867179751396179,163.27023945267962,63.13953640170082,53668.6059414457,202425.35370385283,True
C0227,Yohohama->Singapore,Container Ship,Yohohama,Singapore,2863.76,17.54,DM,1235.9525405550341,227,1.2681801319122314,163.27023945267962,207.05607380644085,175997.66273547473,663821.7726234493,True
C0228,Yohohama->Singapore,Container Ship,Yohohama,Singapore,2863.76,17.54,RM380,686.6403003083523,228,0.5308235883712769,163.27023945267962,86.66769438050902,47667.23190927996,269883.2003009051,True
C0229,Yohohama->Singapore,Container Ship,Yohohama,Singapore,2863.76,17.54,RM380,1235.9525405550341,229,1.2226883172988892,163.27023945267962,199.62861434138355,109795.73788776096,621643.5050590684,True
C0230,Yohohama->Singapore,Container Ship,Yohohama,Singapore,2863.76,24.92,DM,686.6403003083523,230,0.8786934018135071,114.91813804173354,100.97780964596504,85831.13819907028,323734.8577249639,False
C0231,Yohohama->Singapore,Container Ship,Yohohama,Singapore,2863.76,24.92,DM,1235.9525405550341,231,1.2333797216415405,114.91813804173354,141.73770110947746,120477.04594305584,454411.0697569847,False
C0232,Yohohama->Singapore,Container Ship,Yohohama,Singapore,2863.76,24.92,RM380,686.6403003083523,232,0.7708063125610352,114.91813804173354,88.57962623032864,48718.79442668075,275836.9560812434,False
C0233,Yohohama->Singapore,Container Ship,Yohohama,Singapore,2863.76,24.92,RM380,1235.9525405550341,233,0.7220472097396851,114.91813804173354,82.97632092151366,45636.976506832514,258388.26334959353,False
C0234,Yohohama->Singapore,Fish Carrier,Yohohama,Singapore,2863.76,10.03,DM,698.01227321238,234,0.6047824025154114,285.5194416749751,172.67713390105033,146775.5638158928,553602.8912867673,True
C0235,Yohohama->Singapore,Fish Carrier,Yohohama,Singapore,2863.76,10.03,DM,1256.422091782284,235,1.2010393142700195,285.5194416749751,342.92007444007095,291482.0632740603,1099401.7586548675,True
C0236,Yohohama->Singapore,Fish Carrier,Yohohama,Singapore,2863.76,17.41,DM,698.01227321238,236,1.300121784210205,164.48937392303276,213.85621830843294,181777.785562168,685623.035896836,True
C0237,Yohohama->Singapore,Fish Carrier,Yohohama,Singapore,2863.76,17.41,DM,1256.422091782284,237,0.7579554915428162,164.48937392303276,124.67562426540238,105974.28062559201,399710.05139488,True
C0238,Yohohama->Singapore,Fish Carrier,Yohohama,Singapore,2863.76,25.0,DM,698.01227321238,238,0.9001592397689819,114.55040000000001,103.1136009792328,87646.56083234788,330582.2047394204,False
C0239,Yohohama->Singapore,Fish Carrier,Yohohama,Singapore,2863.76,25.0,DM,1256.422091782284,239,1.302392601966858,114.55040000000001,149.18959351234437,126811.15448549272,478301.8368005761,False
C0240,Yohohama->Singapore,Tanker,Yohohama,Singapore,2863.76,10.09,DM,684.6767810026386,240,0.5852917432785034,283.8216055500496,166.1184422924923,141200.67594861845,532575.7259897303,False
C0241,Yohohama->Singapore,Tanker,Yohohama,Singapore,2863.76,10.09,DM,1232.4182058047495,241,1.174102544784546,283.8216055500496,333.2356693411488,283250.3189399765,1068353.555907723,False
C0242,Yohohama->Singapore,Tanker,Yohohama,Singapore,2863.76,10.09,RM380,684.6767810026386,242,1.1151987314224243,283.8216055500496,316.517494459691,174084.62195283006,985635.4777474778,False
C0243,Yohohama->Singapore,Tanker,Yohohama,Singapore,2863.76,10.09,RM380,1232.4182058047495,243,0.828881561756134,283.8216055500496,235.25449566845853,129389.9726176522,732582.4995115799,False
C0244,Yohohama->Singapore,Tanker,Yohohama,Singapore,2863.76,17.83,DM,684.6767810026386,244,0.8296338319778442,160.61469433538983,133.25138433341962,113263.67668340668,427203.9381729433,True
C0245,Yohohama->Singapore,Tanker,Yohohama,Singapore,2863.76,17.83,DM,1232.4182058047495,245,0.6822821497917175,160.61469433538983,109.58453893928937,93146.85809839597,351328.0318393617,True
C0246,Yohohama->Singapore,Tanker,Yohohama,Singapore,2863.76,17.83,RM380,684.6767810026386,246,1.6558305025100708,160.61469433538983,265.95071003186996,146272.8905175285,828170.5110392431,True
C0247,Yohohama->Singapore,Tanker,Yohohama,Singapore,2863.76,17.83,RM380,1232.4182058047495,247,1.7176647186279297,160.61469433538983,275.8821937531083,151735.20656420957,859097.1513471793,True
C0248,Yohohama->Singapore,Tanker,Yohohama,Singapore,2863.76,24.98,DM,684.6767810026386,248,0.7463295459747314,114.64211369095277,85.56079666055233,72726.67716146947,274307.91409373074,False
C0249,Yohohama->Singapore,Tanker,Yohohama,Singapore,2863.76,24.98,DM,1232.4182058047495,249,1.2743828296661377,114.64211369095277,146.09794124438346,124183.25005772595,468389.9996294934,False
C0250,Yohohama->Singapore,Tanker,Yohohama,Singapore,2863.76,24.98,RM380,684.6767810026386,250,1.2684533596038818,114.64211369095277,145.41817426337923,79979.99584485858,452832.19465616293,False
C0251,Yohohama->Singapore,Tanker,Yohohama,Singapore,2863.76,24.98,RM380,1232.4182058047495,251,0.7665289044380188,114.64211369095277,87.87649380998482,48332.07159549165,273647.4017242927,False
